13.01.01.2001,25671
13.01.01.2002,25671
13.01.01.2003,25671
13.01.01.2004,25671
13.01.01.2005,25671
13.01.01.2006,25671
13.01.01.2009,25671
13.01.01.2010,25671
13.01.01.2011,25671
13.01.01.2012,25671
13.01.02.2001,25666
13.01.02.2002,25666
13.01.02.2003,25666
13.01.02.2004,25666
13.01.02.2005,25666
13.01.02.2006,25666
13.01.02.2007,25666
13.01.02.2008,25666
13.01.02.2009,25666
13.01.02.2010,25666
13.01.03.2001,25663
13.01.03.2002,25663
13.01.03.2003,25663
13.01.03.2004,25663
13.01.03.2005,25663
13.01.03.2006,25663
13.01.03.2007,25663
13.01.03.2008,25663
13.01.03.2009,25663
13.01.04.2001,25661
13.01.04.2002,25661
13.01.04.2003,25661
13.01.04.2004,25661
13.01.04.2005,25661
13.01.04.2006,25661
13.01.04.2007,25661
13.01.04.2008,25661
13.01.04.2009,25661
13.01.05.2001,25651
13.01.05.2002,25651
13.01.05.2003,25651
13.01.05.2004,25651
13.01.05.2005,25651
13.01.05.2006,25651
13.01.05.2007,25651
13.01.05.2008,25651
13.01.05.2009,25651
13.01.05.2010,25651
13.01.05.2011,25651
13.01.05.2012,25651
13.01.05.2013,25651
13.01.05.2014,25651
13.01.05.2015,25651
13.01.05.2016,25651
13.01.05.2017,25651
13.01.05.2018,25651
13.01.05.2019,25651
13.01.05.2020,25651
13.01.06.2005,25652
13.01.06.2006,25652
13.01.06.2007,25652
13.01.06.2008,25652
13.01.06.2009,25652
13.01.06.2010,25652
13.01.06.2011,25652
13.01.06.2012,25652
13.01.06.2013,25652
13.01.06.2014,25652
13.01.06.2015,25652
13.01.06.2016,25652
13.01.06.2017,25652
13.01.06.2018,25652
13.01.06.2019,25652
13.01.06.2020,25652
13.01.06.2021,25652
13.01.07.2001,25654
13.01.07.2002,25654
13.01.07.2003,25654
13.01.07.2004,25654
13.01.07.2005,25654
13.01.07.2006,25654
13.01.07.2007,25654
13.01.07.2008,25654
13.01.07.2009,25654
13.01.07.2010,25654
13.01.07.2011,25654
13.01.07.2012,25654
13.01.07.2013,25654
13.01.07.2014,25654
13.01.07.2015,25654
13.01.07.2016,25654
13.01.07.2017,25654
13.01.07.2018,25654
13.01.07.2019,25654
13.01.07.2020,25654
13.01.07.2021,25654
13.01.07.2022,25654
13.01.07.2023,25654
13.01.08.2001,25662
13.01.08.2002,25662
13.01.08.2003,25662
13.01.08.2004,25662
13.01.08.2005,25662
13.01.08.2006,25662
13.01.08.2007,25662
13.01.08.2008,25662
13.01.08.2009,25662
13.01.08.2010,25662
13.01.08.2011,25662
13.01.08.2012,25662
13.01.09.2001,25668
13.01.09.2002,25668
13.01.09.2003,25668
13.01.09.2004,25668
13.01.09.2005,25668
13.01.09.2006,25668
13.01.09.2007,25668
13.01.09.2008,25668
13.01.09.2009,25668
13.01.09.2010,25668
13.01.09.2011,25668
13.01.09.2012,25668
13.01.09.2013,25668
13.01.09.2014,25668
13.01.09.2015,25668
13.01.09.2016,25668
13.01.10.2001,25674
13.01.10.2003,25674
13.01.10.2004,25674
13.01.10.2005,25674
13.01.10.2015,25674
13.01.10.2016,25674
13.01.10.2017,25674
13.01.10.2018,25674
13.01.10.2019,25674
13.01.10.2020,25674
13.01.11.2001,25672
13.01.11.2002,25672
13.01.11.2007,25672
13.01.11.2008,25672
13.01.11.2009,25672
13.01.11.2010,25672
13.01.11.2016,25672
13.01.11.2017,25672
13.01.11.2018,25672
13.01.11.2019,25672
13.01.12.2001,25653
13.01.12.2002,25653
13.01.12.2003,25653
13.01.12.2004,25653
13.01.12.2005,25653
13.01.12.2006,25653
13.01.13.2001,25673
13.01.13.2002,25673
13.01.13.2003,25673
13.01.13.2004,25673
13.01.13.2005,25673
13.01.13.2006,25673
13.01.13.2007,25673
13.01.13.2008,25673
13.01.13.2009,25673
13.01.13.2010,25673
13.01.14.2001,25670
13.01.14.2002,25670
13.01.14.2003,25670
13.01.14.2004,25670
13.01.14.2005,25670
13.01.14.2006,25670
13.01.14.2007,25670
13.01.14.2008,25670
13.01.14.2009,25670
13.01.14.2010,25670
13.01.15.2001,25675
13.01.15.2002,25675
13.01.15.2003,25675
13.01.15.2004,25675
13.01.15.2005,25675
13.01.15.2006,25675
13.01.15.2007,25675
13.01.15.2008,25675
13.01.15.2009,25675
13.01.15.2010,25675
13.02.03.2001,27373
13.02.03.2002,27373
13.02.04.2001,27371
13.02.04.2002,27371
13.02.04.2003,27371
13.02.04.2004,27371
13.02.05.2001,27387
13.02.05.2002,27387
13.02.05.2003,27387
13.02.06.2001,27384
13.02.06.2002,27384
13.02.06.2003,27384
13.02.06.2004,27384
13.02.06.2005,27384
13.02.06.2006,27384
13.02.07.2001,27365
13.02.07.2002,27365
13.02.07.2003,27365
13.02.07.2004,27365
13.02.07.2005,27365
13.02.07.2006,27365
13.02.07.2007,27365
13.02.07.2008,27365
13.02.08.2001,27381
13.02.08.2002,27381
13.02.08.2003,27381
13.02.08.2004,27381
13.02.08.2005,27381
13.02.09.2001,27388
13.02.09.2002,27388
13.02.09.2003,27388
13.02.09.2004,27388
13.02.09.2005,27388
13.02.09.2006,27388
13.02.09.2007,27388
13.02.09.2008,27388
13.02.09.2009,27388
13.02.10.2001,27361
13.02.10.2002,27361
13.02.10.2003,27361
13.02.10.2004,27361
13.02.10.2005,27361
13.02.10.2006,27361
13.02.10.2007,27361
13.02.10.2008,27361
13.02.11.2001,27356
13.02.11.2002,27356
13.02.11.2003,27356
13.02.11.2004,27356
13.02.11.2005,27356
13.02.11.2006,27356
13.02.11.2007,27356
13.02.11.2008,27356
13.02.12.2001,27355
13.02.12.2002,27355
13.02.12.2003,27355
13.02.12.2004,27355
13.02.12.2005,27355
13.02.12.2006,27355
13.02.12.2007,27355
13.02.12.2008,27355
13.02.12.2009,27355
13.02.13.2001,27389
13.02.13.2002,27389
13.02.17.2001,27372
13.02.17.2002,27372
13.02.17.2003,27372
13.02.18.2001,27374
13.02.18.2002,27374
13.02.18.2003,27374
13.02.18.2004,27374
13.02.18.2005,27374
13.02.19.2001,27383
13.02.19.2002,27383
13.03.03.2001,27571
13.03.03.2002,27571
13.03.03.2003,27571
13.03.03.2004,27571
13.03.03.2005,27571
13.03.03.2006,27571
13.03.03.2007,27571
13.03.03.2008,27571
13.03.03.2009,27571
13.03.04.2001,27554
13.03.04.2002,27554
13.03.04.2003,27554
13.03.04.2004,27554
13.03.04.2005,27554
13.03.04.2006,27554
13.03.04.2007,27554
13.03.04.2008,27554
13.03.04.2009,27554
13.03.05.2001,27561
13.03.05.2002,27561
13.03.05.2003,27561
13.03.05.2004,27561
13.03.05.2005,27561
13.03.06.2001,27572
13.03.06.2002,27572
13.03.06.2003,27572
13.03.06.2004,27572
13.03.06.2005,27572
13.03.06.2006,27572
13.03.06.2007,27572
13.03.06.2008,27572
13.03.06.2009,27572
13.03.06.2010,27572
13.03.06.2011,27572
13.03.07.2001,27553
13.03.07.2002,27553
13.03.07.2003,27553
13.03.07.2004,27553
13.03.07.2005,27553
13.03.07.2006,27553
13.03.08.2001,27562
13.03.08.2002,27562
13.03.08.2003,27562
13.03.08.2004,27562
13.03.08.2005,27562
13.03.08.2006,27562
13.03.08.2007,27562
13.03.09.2001,27563
13.03.09.2002,27563
13.03.09.2003,27563
13.03.09.2004,27563
13.03.09.2005,27563
13.03.09.2006,27563
13.03.09.2007,27563
13.03.09.2008,27563
13.03.09.2009,27563
13.03.09.2010,27563
13.03.09.2011,27563
13.03.10.2001,27564
13.03.10.2002,27564
13.03.10.2003,27564
13.03.10.2004,27564
13.04.01.2001,27151
13.04.01.2002,27151
13.04.01.2003,27151
13.04.01.2004,27151
13.04.01.2005,27151
13.04.01.2006,27151
13.04.01.2007,27151
13.04.01.2008,27151
13.04.01.2009,27151
13.04.02.2001,27265
13.04.02.2002,27265
13.04.02.2003,27265
13.04.02.2004,27265
13.04.02.2005,27265
13.04.02.2006,27265
13.04.02.2007,27265
13.04.02.2008,27265
13.04.03.2001,27271
13.04.03.2002,27271
13.04.03.2003,27271
13.04.03.2004,27271
13.04.03.2005,27271
13.04.04.2001,27213
13.04.04.2002,27211
13.04.04.2003,27211
13.04.04.2004,27216
13.04.04.2005,27211
13.04.05.2001,27280
13.04.05.2002,27280
13.04.05.2003,27280
13.04.05.2004,27280
13.04.06.2001,27292
13.04.06.2002,27292
13.04.06.2003,27292
13.04.06.2004,27292
13.04.07.2001,27294
13.04.07.2002,27294
13.04.07.2003,27294
13.04.07.2004,27294
13.04.07.2005,27294
13.04.08.2001,27261
13.04.08.2002,27261
13.04.08.2003,27261
13.04.08.2004,27261
13.04.08.2005,27261
13.04.08.2006,27261
13.04.08.2007,27261
13.04.08.2008,27261
13.04.08.2009,27261
13.04.08.2010,27261
13.04.09.2001,27264
13.04.09.2002,27264
13.04.09.2003,27264
13.04.09.2004,27264
13.04.09.2005,27264
13.04.09.2006,27264
13.04.10.2001,27263
13.04.10.2002,27263
13.04.10.2003,27263
13.04.10.2004,27263
13.04.10.2005,27263
13.04.10.2006,27262
13.04.11.2001,27282
13.04.11.2002,27282
13.04.12.2001,27281
13.04.12.2002,27281
13.04.13.2001,27293
13.04.13.2002,27293
13.04.13.2003,27293
13.04.13.2004,27293
13.04.13.2005,27293
13.04.14.2001,27266
13.04.14.2002,27266
13.04.14.2003,27266
13.04.14.2004,27266
13.05.01.2001,25581
13.05.01.2002,25581
13.05.01.2003,25581
13.05.01.2004,25581
13.05.01.2005,25581
13.05.01.2006,25581
13.05.01.2007,25581
13.05.01.2008,25581
13.05.01.2009,25581
13.05.02.2001,25586
13.05.02.2002,25586
13.05.02.2003,25586
13.05.02.2004,25586
13.05.02.2005,25586
13.05.02.2006,25586
13.05.02.2007,25586
13.05.02.2008,25586
13.05.03.2001,25571
13.05.03.2002,25571
13.05.03.2003,25571
13.05.03.2004,25571
13.05.03.2005,25571
13.05.03.2006,25571
13.05.03.2007,25571
13.05.03.2008,25571
13.05.03.2009,25571
13.05.04.2002,25584
13.05.04.2003,25584
13.05.04.2004,25584
13.05.05.2001,25576
13.05.05.2002,25576
13.05.05.2003,25576
13.05.05.2004,25576
13.05.05.2005,25576
13.05.05.2006,25576
13.05.05.2007,25576
13.05.05.2008,25576
13.05.05.2009,25576
13.05.05.2010,25576
13.05.05.2011,25576
13.05.05.2012,25576
13.05.06.2001,25552
13.05.06.2002,25552
13.05.06.2003,25552
13.05.06.2004,25552
13.05.06.2005,25552
13.05.06.2006,25552
13.05.06.2007,25552
13.05.06.2008,25552
13.05.07.2001,25562
13.05.07.2002,25562
13.05.07.2003,25562
13.05.07.2004,25562
13.05.08.2001,25561
13.05.08.2002,25561
13.05.08.2003,25561
13.05.08.2004,25561
13.05.09.2001,25564
13.05.09.2002,25564
13.05.09.2003,25564
13.05.09.2004,25564
13.05.09.2005,25564
13.05.10.2001,25572
13.05.10.2002,25572
13.05.10.2003,25572
13.05.10.2004,25572
13.05.10.2005,25572
13.05.10.2006,25572
13.05.10.2007,25572
13.05.10.2008,25572
13.05.11.2001,25582
13.05.11.2002,25582
13.05.11.2003,25582
13.05.11.2004,25582
13.05.11.2005,25582
13.05.12.2001,25573
13.05.12.2002,25573
13.05.12.2003,25573
13.05.12.2004,25573
13.05.12.2005,25573
13.05.12.2006,25573
13.05.13.2001,25563
13.05.13.2002,25563
13.05.13.2003,25563
13.05.14.2001,25575
13.05.14.2002,25575
13.05.14.2003,25575
13.05.14.2004,25575
13.05.15.2001,25585
13.05.15.2002,25585
13.05.15.2003,25585
13.05.15.2004,25585
13.05.16.2001,25574
13.05.16.2002,25574
13.05.16.2003,25574
13.05.16.2004,25574
13.05.16.2005,25574
13.05.16.2006,25574
13.05.17.2001,25583
13.05.17.2002,25583
13.05.17.2003,25583
13.05.17.2004,25583
13.05.17.2005,25583
13.06.01.2001,26473
13.06.01.2002,26473
13.06.01.2003,26473
13.06.01.2004,26473
13.06.02.2001,26451
13.06.02.2002,26451
13.06.02.2003,26451
13.06.02.2004,26451
13.06.02.2005,26451
13.06.03.2001,26471
13.06.03.2002,26471
13.06.03.2003,26471
13.06.03.2004,26471
13.06.03.2006,26471
13.06.03.2007,26471
13.06.03.2008,26471
13.06.03.2009,26471
13.06.03.2010,26471
13.06.03.2011,26471
13.06.04.2001,26162
13.06.04.2002,26162
13.06.04.2003,26162
13.06.04.2004,26162
13.06.04.2005,26162
13.06.04.2006,26162
13.06.05.2002,26160
13.06.05.2003,26160
13.06.05.2004,26160
13.06.05.2005,26160
13.06.05.2006,26160
13.06.05.2007,26160
13.06.05.2008,26160
13.06.06.2001,26181
13.06.06.2002,26181
13.06.06.2003,26181
13.06.06.2004,26181
13.06.06.2005,26181
13.06.06.2006,26181
13.06.06.2007,26181
13.06.07.2001,26190
13.06.07.2002,26190
13.06.07.2003,26190
13.06.07.2004,26190
13.06.07.2005,26190
13.06.07.2006,26190
13.06.07.2008,26190
13.06.08.2001,26192
13.06.08.2002,26192
13.06.08.2004,26192
13.06.08.2005,26192
13.06.08.2006,26192
13.06.08.2007,26192
13.06.08.2008,26192
13.06.08.2009,26192
13.06.09.2001,26153
13.06.09.2003,26153
13.06.09.2004,26153
13.06.10.2001,26151
13.06.10.2002,26151
13.06.10.2003,26151
13.06.10.2004,26151
13.06.10.2005,26151
13.06.11.2001,26164
13.06.11.2002,26164
13.06.11.2003,26164
13.06.11.2004,26164
13.06.11.2005,26164
13.06.11.2006,26164
13.06.11.2007,26164
13.06.11.2008,26164
13.06.11.2009,26164
13.06.12.2001,26182
13.06.12.2002,26182
13.06.12.2003,26182
13.06.12.2004,26182
13.06.12.2005,26182
13.06.13.2001,26161
13.06.13.2002,26161
13.06.13.2003,26161
13.06.13.2004,26161
13.06.14.2001,26191
13.06.14.2002,26191
13.06.14.2003,26191
13.06.15.2001,26152
13.06.15.2002,26152
13.06.15.2003,26152
13.06.15.2004,26152
13.06.15.2005,26152
13.06.16.2001,26163
13.06.16.2002,26163
13.06.16.2003,26163
13.06.16.2004,26163
13.07.01.2001,26255
13.07.01.2002,26255
13.07.01.2003,26255
13.07.01.2004,26255
13.07.01.2005,26255
13.07.01.2006,26255
13.07.02.2001,26253
13.07.02.2002,26253
13.07.02.2003,26253
13.07.02.2004,26253
13.07.02.2005,26253
13.07.03.2001,26251
13.07.03.2002,26251
13.07.03.2003,26251
13.07.03.2004,26251
13.07.03.2005,26251
13.07.03.2006,26251
13.07.03.2007,26251
13.07.04.2001,26261
13.07.04.2002,26261
13.07.04.2003,26261
13.07.04.2004,26261
13.07.05.2001,26271
13.07.05.2002,26271
13.07.05.2003,26271
13.07.05.2004,26271
13.07.05.2005,26271
13.07.05.2006,26271
13.07.05.2007,26271
13.07.05.2008,26271
13.07.05.2009,26271
13.07.05.2010,26271
13.07.05.2011,26271
13.07.06.2001,26272
13.07.06.2002,26272
13.07.06.2003,26272
13.07.06.2004,26272
13.07.06.2005,26272
13.07.06.2006,26272
13.07.07.2001,26273
13.07.07.2002,26273
13.07.07.2003,26273
13.07.07.2004,26273
13.07.07.2005,26273
13.07.07.2006,26273
13.07.07.2007,26273
13.07.08.2001,26256
13.07.08.2002,26256
13.07.08.2003,26256
13.07.09.2001,26262
13.07.09.2002,26262
13.07.09.2003,26262
13.07.09.2004,26262
13.07.09.2005,26262
13.07.09.2006,26262
13.07.09.2007,26262
13.07.09.2008,26262
13.07.10.2001,26250
13.07.10.2002,26250
13.07.10.2003,26250
13.07.10.2004,26250
13.07.10.2005,26250
13.07.11.2001,26254
13.07.11.2002,26254
13.07.11.2003,26254
13.07.11.2004,26254
13.07.11.2005,26254
13.07.12.2001,26257
13.07.12.2002,26257
13.07.12.2003,26257
13.07.12.2004,26257
13.07.12.2005,26257
13.07.13.2001,26252
13.07.13.2002,26252
13.07.13.2003,26252
13.07.13.2004,26252
13.07.13.2005,26252
13.07.13.2006,26252
13.07.13.2007,26252
13.08.04.2001,26381
13.08.04.2002,26381
13.08.04.2003,26381
13.08.04.2004,26381
13.08.04.2007,26381
13.08.05.2001,26318
13.08.05.2002,26318
13.08.05.2003,26318
13.08.05.2004,26318
13.08.05.2005,26318
13.08.05.2006,26318
13.08.05.2007,26318
13.08.05.2008,26318
13.08.05.2009,26318
13.08.05.2010,26318
13.08.05.2011,26318
13.08.05.2012,26318
13.08.05.2013,26318
13.08.07.2001,26351
13.08.07.2003,26351
13.08.07.2004,26351
13.08.07.2005,26351
13.08.08.2001,26353
13.08.08.2002,26353
13.08.08.2005,26353
13.08.08.2006,26353
13.08.12.2001,26311
13.08.12.2002,26311
13.08.12.2003,26311
13.08.12.2004,26311
13.08.12.2005,26311
13.08.12.2006,26311
13.08.12.2007,26311
13.08.13.2001,26358
13.08.13.2002,26358
13.08.13.2003,26358
13.08.13.2004,26358
13.08.13.2005,26358
13.08.14.2002,26355
13.08.14.2005,26355
13.08.14.2008,26355
13.08.14.2009,26355
13.08.14.2010,26355
13.08.15.2001,26354
13.08.15.2002,26354
13.08.16.2001,26382
13.08.16.2002,26382
13.08.16.2003,26382
13.08.16.2004,26382
13.08.17.2001,26352
13.08.17.2002,26352
13.08.17.2003,26352
13.08.17.2004,26352
13.08.18.2001,26357
13.08.18.2002,26357
13.08.18.2003,26357
13.08.19.2001,26356
13.08.19.2002,26356
13.08.19.2003,26356
13.08.19.2004,26356
13.08.19.2005,26356
13.08.19.2006,26356
13.09.01.2007,25390
13.09.01.2008,25390
13.09.01.2009,25390
13.09.02.2001,25392
13.09.02.2002,25392
13.09.02.2003,25392
13.09.02.2004,25392
13.09.02.2006,25392
13.09.02.2007,25392
13.09.02.2008,25392
13.09.03.2002,25397
13.09.03.2003,25397
13.09.03.2004,25397
13.09.03.2005,25397
13.09.03.2007,25397
13.09.04.2003,25395
13.09.04.2004,25395
13.09.04.2005,25395
13.09.04.2006,25395
13.09.04.2007,25395
13.09.04.2008,25395
13.09.05.2001,25394
13.09.05.2002,25394
13.09.05.2003,25394
13.09.06.2001,25393
13.09.06.2002,25393
13.09.06.2003,25393
13.09.07.2001,25396
13.09.07.2002,25396
13.09.07.2003,25396
13.09.08.2001,25398
13.09.08.2002,25398
13.09.08.2003,25398
13.09.08.2004,25398
13.09.08.2005,25398
13.09.08.2006,25398
13.09.09.2001,25399
13.09.09.2002,25399
13.09.09.2003,25399
13.09.10.2001,25391
13.09.10.2002,25391
13.09.10.2003,25391
13.09.10.2004,25391
13.10.01.2002,27681
13.10.01.2003,27681
13.10.01.2005,27681
13.10.01.2008,27681
13.10.02.2001,27573
13.10.02.2002,27573
13.10.02.2006,27573
13.10.02.2007,27573
13.10.02.2008,27573
13.10.02.2009,27573
13.10.03.2003,27686
13.10.03.2004,27686
13.10.03.2007,27686
13.10.03.2008,27686
13.10.04.2001,27678
13.10.04.2002,27678
13.10.04.2004,27678
13.10.04.2005,27678
13.10.05.2001,27683
13.10.05.2002,27683
13.10.05.2003,27683
13.10.05.2004,27683
13.10.06.2001,27679
13.10.06.2002,27679
13.10.06.2003,27679
13.10.06.2004,27679
13.10.06.2005,27679
13.10.07.2001,27680
13.10.07.2002,27680
13.10.07.2003,27680
13.10.07.2004,27680
13.10.07.2005,27680
13.10.08.2001,27687
13.10.08.2002,27687
13.10.08.2003,27687
13.10.08.2004,27687
13.10.09.2001,27682
13.10.09.2002,27682
13.10.09.2003,27682
13.10.09.2004,27682
13.10.10.2001,27684
13.10.10.2002,27684
13.10.10.2003,27684
13.10.10.2004,27684
13.10.10.2005,27684
13.10.11.2001,27685
13.10.11.2002,27685
13.10.11.2003,27685
13.10.11.2004,27685
13.10.11.2005,27685
13.10.11.2006,27685
13.10.11.2007,27685
13.11.01.2001,27778
13.11.01.2002,27778
13.11.01.2003,27778
13.11.01.2004,27778
13.11.02.2001,27774
13.11.02.2002,27774
13.11.02.2004,27774
13.11.02.2005,27774
13.11.02.2006,27774
13.11.02.2007,27774
13.11.02.2008,27774
13.11.02.2009,27774
13.11.02.2010,27774
13.11.02.2011,27774
13.11.02.2012,27774
13.11.03.2001,27775
13.11.03.2002,27775
13.11.03.2003,27775
13.11.03.2004,27775
13.11.04.2001,27773
13.11.04.2002,27773
13.11.04.2004,27773
13.11.04.2005,27773
13.11.04.2006,27773
13.11.05.2001,27779
13.11.05.2002,27779
13.11.05.2003,27779
13.11.05.2004,27779
13.11.05.2005,27779
13.11.05.2006,27779
13.11.05.2007,27779
13.11.06.2001,27776
13.11.06.2002,27776
13.11.06.2003,27776
13.11.06.2004,27776
13.11.07.2001,27777
13.11.07.2002,27777
13.11.07.2003,27777
13.11.07.2004,27777
13.12.01.2001,26573
13.12.02.2001,26570
13.12.02.2002,26570
13.12.02.2003,26570
13.12.02.2004,26570
13.12.02.2005,26570
13.12.02.2006,26570
13.12.02.2007,26570
13.12.02.2008,26570
13.12.02.2009,26570
13.12.03.2003,26566
13.12.03.2004,26566
13.12.03.2006,26566
13.12.03.2007,26566
13.12.03.2008,26566
13.12.03.2009,26566
13.12.03.2010,26566
13.12.03.2011,26566
13.12.03.2012,26566
13.12.03.2013,26566
13.12.03.2014,26566
13.12.03.2015,26566
13.12.03.2016,26566
13.12.03.2017,26566
13.12.03.2018,26566
13.12.03.2019,26566
13.12.04.2001,26561
13.12.04.2002,26561
13.12.04.2003,26561
13.12.04.2004,26561
13.12.04.2005,26561
13.12.04.2006,26561
13.12.04.2007,26561
13.12.05.2001,26567
13.12.05.2002,26567
13.12.05.2003,26567
13.12.05.2004,26567
13.12.05.2005,26567
13.12.05.2006,26567
13.12.05.2007,26567
13.12.05.2008,26567
13.12.05.2009,26567
13.12.05.2010,26567
13.12.05.2011,26567
13.12.05.2012,26567
13.12.05.2013,26567
13.12.05.2014,26567
13.12.05.2015,26567
13.12.05.2016,26567
13.12.05.2017,26567
13.12.06.2001,26571
13.12.06.2002,26571
13.12.06.2003,26571
13.12.06.2004,26571
13.12.06.2005,26571
13.12.06.2006,26571
13.12.06.2007,26571
13.12.07.2001,26366
13.12.07.2002,26366
13.12.07.2003,26366
13.12.07.2004,26366
13.12.07.2005,26366
13.12.07.2006,26366
13.12.07.2007,26366
13.12.08.2001,26572
13.12.08.2002,26572
13.12.08.2003,26572
13.12.08.2004,26572
13.12.08.2005,26572
13.12.08.2006,26572
13.12.09.2001,26574
13.12.09.2002,26574
13.12.09.2003,26574
13.12.09.2004,26574
13.12.09.2005,26574
13.12.09.2006,26574
13.12.09.2007,26574
13.12.10.2001,26568
13.12.10.2002,26568
13.12.10.2003,26568
13.12.10.2004,26568
13.12.10.2005,26568
13.12.10.2006,26568
13.12.10.2007,26568
13.12.10.2008,26568
13.12.10.2009,26568
13.12.11.2001,26367
13.12.11.2002,26367
13.12.11.2003,26367
13.12.11.2004,26367
13.71.01.1001,25211
13.71.01.1002,25211
13.71.01.1003,25212
13.71.01.1004,25213
13.71.01.1005,25215
13.71.01.1006,25215
13.71.01.1007,25214
13.71.01.1008,25216
13.71.01.1009,25216
13.71.01.1010,25217
13.71.01.1011,25217
13.71.01.1012,25215
13.71.02.1001,25121
13.71.02.1002,25129
13.71.02.1003,25129
13.71.02.1004,25121
13.71.02.1005,25123
13.71.02.1006,25125
13.71.02.1007,25126
13.71.02.1008,25126
13.71.02.1009,25123
13.71.02.1010,25122
13.71.03.1001,25114
13.71.03.1002,25111
13.71.03.1003,25114
13.71.03.1004,25115
13.71.03.1005,25112
13.71.03.1006,25117
13.71.03.1007,25112
13.71.03.1008,25118
13.71.03.1009,25119
13.71.03.1010,25118
13.71.04.1001,25132
13.71.04.1002,25132
13.71.04.1003,25133
13.71.04.1004,25134
13.71.04.1005,25136
13.71.04.1006,25139
13.71.04.1007,25137
13.71.05.1001,25237
13.71.05.1002,25237
13.71.05.1003,25237
13.71.05.1004,25237
13.71.05.1005,25237
13.71.05.1006,25237
13.71.06.1001,25225
13.71.06.1002,25225
13.71.06.1003,25224
13.71.06.1004,25224
13.71.06.1005,25221
13.71.06.1006,25221
13.71.06.1007,25222
13.71.06.1008,25227
13.71.06.1009,25222
13.71.06.1010,25223
13.71.06.1011,25223
13.71.06.1012,25226
13.71.06.1013,25227
13.71.06.1014,25227
13.71.06.1015,25225
13.71.07.1001,25237
13.71.07.1002,25233
13.71.07.1003,25236
13.71.07.1004,25231
13.71.07.1005,25232
13.71.07.1006,25235
13.71.07.1007,25234
13.71.08.1001,25166
13.71.08.1002,25164
13.71.08.1003,25163
13.71.08.1004,25162
13.71.08.1005,25162
13.71.08.1006,25161
13.71.08.1007,25161
13.71.08.1008,25163
13.71.08.1009,25168
13.71.09.1001,25152
13.71.09.1002,25151
13.71.09.1003,25153
13.71.09.1004,25154
13.71.09.1005,25155
13.71.09.1006,25156
13.71.09.1007,25157
13.71.09.1008,25158
13.71.09.1009,25159
13.71.10.1001,25146
13.71.10.1002,25143
13.71.10.1003,25147
13.71.10.1004,25145
13.71.10.1005,25144
13.71.10.1006,25142
13.71.11.1001,25171
13.71.11.1002,25175
13.71.11.1003,25176
13.71.11.1004,25176
13.71.11.1005,25175
13.71.11.1006,25171
13.71.11.1007,25171
13.71.11.1008,25173
13.71.11.1009,25173
13.71.11.1010,25172
13.71.11.1011,25171
13.71.11.1012,25171
13.71.11.1013,25171
13.72.01.1001,27312
13.72.01.1002,27311
13.72.01.1003,27313
13.72.01.1004,27314
13.72.01.1005,27315
13.72.01.1006,27317
13.72.01.1007,27316
13.72.02.1001,27323
13.72.02.1002,27322
13.72.02.1003,27324
13.72.02.1004,27326
13.72.02.1005,27321
13.72.02.1006,27325
13.73.01.1001,27418
13.73.01.1002,27415
13.73.01.1003,27415
13.73.01.1004,27411
13.73.01.1005,27411
13.73.01.1006,27419
13.73.01.2007,27416
13.73.01.2008,27418
13.73.01.2009,27413
13.73.01.2010,27412
13.73.01.2011,27415
13.73.02.1001,27421
13.73.02.1002,27424
13.73.02.1003,27425
13.73.02.1004,27425
13.73.02.2005,27424
13.73.02.2006,27425
13.73.02.2007,27427
13.73.02.2008,27423
13.73.02.2009,27421
13.73.02.2010,27422
13.73.03.2001,27432
13.73.03.2002,27433
13.73.03.2003,27431
13.73.03.2004,27435
13.73.03.2005,27434
13.73.04.2001,27445
13.73.04.2002,27444
13.73.04.2003,27444
13.73.04.2004,27443
13.73.04.2005,27443
13.73.04.2006,27442
13.73.04.2007,27441
13.73.04.2008,27446
13.73.04.2009,27447
13.73.04.2010,27448
13.73.04.2011,27449
13.74.01.1001,27127
13.74.01.1002,27126
13.74.01.1003,27125
13.74.01.1004,27124
13.74.01.1005,27128
13.74.01.1006,27122
13.74.01.1007,27123
13.74.01.1008,27121
13.74.02.1001,27115
13.74.02.1002,27116
13.74.02.1003,27111
13.74.02.1004,27118
13.74.02.1005,27117
13.74.02.1006,27113
13.74.02.1007,27112
13.74.02.1008,27114
13.75.01.1001,26117
13.75.01.1002,26116
13.75.01.1003,26112
13.75.01.1004,26111
13.75.01.1005,26113
13.75.01.1006,26115
13.75.01.1007,26114
13.75.02.1001,26128
13.75.02.1002,26121
13.75.02.1003,26124
13.75.02.1004,26122
13.75.02.1005,26123
13.75.02.1006,26125
13.75.02.1007,26126
13.75.02.1008,26127
13.75.02.1009,26129
13.75.03.1001,26131
13.75.03.1002,26138
13.75.03.1003,26136
13.75.03.1004,26137
13.75.03.1005,26133
13.75.03.1006,26134
13.75.03.1007,26132
13.75.03.1008,26135
13.76.01.1002,26226
13.76.01.1003,26226
13.76.01.1004,26225
13.76.01.1005,26225
13.76.01.1007,26225
13.76.01.1009,26224
13.76.01.1011,26223
13.76.01.1013,26223
13.76.01.1016,26222
13.76.01.1017,26222
13.76.01.1018,26221
13.76.01.1020,26229
13.76.01.1021,26229
13.76.01.1022,26229
13.76.01.1032,26225
13.76.01.1033,26224
13.76.01.1034,26223
13.76.02.1002,26218
13.76.02.1032,26216
13.76.02.1033,26217
13.76.02.1034,26215
13.76.02.1035,26218
13.76.02.1036,26212
13.76.02.1037,26214
13.76.02.1038,26211
13.76.02.1039,26213
13.76.03.1001,26235
13.76.03.1002,26236
13.76.03.1003,26231
13.76.03.1005,26233
13.76.03.1007,26232
13.76.03.1009,26237
13.76.03.1010,26237
13.76.03.1011,26237
13.76.03.1015,26231
13.76.04.1001,26219
13.76.04.1002,26219
13.76.04.1003,26219
13.76.04.1004,26219
13.76.04.1005,26219
13.76.04.1006,26219
13.76.05.1001,26227
13.76.05.1002,26226
13.76.05.1003,26227
13.76.05.1005,26226
13.76.05.1006,26228
13.76.05.1010,26228
13.77.01.1001,25514
13.77.01.1002,25513
13.77.01.1003,25513
13.77.01.1004,25513
13.77.01.1005,25512
13.77.01.1006,25512
13.77.01.1007,25511
13.77.01.1008,25511
13.77.01.1009,25519
13.77.01.1010,25518
13.77.01.1011,25518
13.77.01.1012,25515
13.77.01.1013,25517
13.77.01.1014,25515
13.77.01.1015,25516
13.77.01.1016,25519
13.77.01.2017,25512
13.77.01.2018,25512
13.77.01.2019,25511
13.77.01.2020,25514
13.77.01.2021,25511
13.77.01.2025,25517
13.77.02.2005,25522
13.77.02.2006,25522
13.77.02.2007,25523
13.77.02.2008,25524
13.77.02.2009,25526
13.77.02.2010,25526
13.77.02.2011,25522
13.77.02.2012,25524
13.77.02.2013,25521
13.77.02.2014,25522
13.77.02.2015,25521
13.77.02.2016,25521
13.77.02.2017,25521
13.77.02.2018,25521
13.77.02.2019,25529
13.77.02.2020,25521
13.77.02.2021,25524
13.77.03.2006,25538
13.77.03.2007,25531
13.77.03.2008,25532
13.77.03.2009,25532
13.77.03.2010,25536
13.77.03.2011,25537
13.77.03.2012,25531
13.77.03.2013,25539
13.77.03.2014,25537
13.77.03.2015,25539
13.77.03.2016,25539
13.77.03.2017,25538
13.77.03.2018,25538
13.77.03.2019,25537
13.77.03.2020,25533
13.77.03.2021,25533
13.77.04.2001,25523
13.77.04.2002,25524
13.77.04.2003,25524
13.77.04.2004,25523
13.77.04.2005,25519
13.77.04.2006,25519
13.77.04.2007,25519
13.77.04.2008,25531
13.77.04.2009,25516
13.77.04.2010,25516
13.77.04.2011,25516
13.77.04.2012,25535
13.77.04.2013,25535
13.77.04.2014,25536
13.77.04.2015,25534
13.77.04.2016,25534
