13,13
13.01,1302
13.01.01,1302030
13.01.01.2001,1302030001
13.01.01.2002,1302030002
13.01.01.2003,1302030004
13.01.01.2004,1302030003
13.01.01.2005,1302030006
13.01.01.2006,1302030005
13.01.01.2009,1302030009
13.01.01.2010,1302030014
13.01.01.2011,1302030010
13.01.01.2012,1302030012
13.01.02,1302050
13.01.02.2001,1302050002
13.01.02.2002,1302050001
13.01.02.2003,1302050004
13.01.02.2004,1302050003
13.01.02.2005,1302050005
13.01.02.2006,1302050010
13.01.02.2007,1302050008
13.01.02.2008,1302050007
13.01.02.2009,1302050006
13.01.02.2010,1302050009
13.01.03,1302060
13.01.03.2001,1302060002
13.01.03.2002,1302060001
13.01.03.2003,1302060008
13.01.03.2004,1302060009
13.01.03.2005,1302060007
13.01.03.2006,1302060006
13.01.03.2007,1302060003
13.01.03.2008,1302060005
13.01.03.2009,1302060004
13.01.04,1302080
13.01.04.2001,1302080001
13.01.04.2002,1302080002
13.01.04.2003,1302080003
13.01.04.2004,1302080005
13.01.04.2005,1302080004
13.01.04.2006,1302080008
13.01.04.2007,1302080007
13.01.04.2008,1302080006
13.01.04.2009,1302080009
13.01.05,1302090
13.01.05.2001,1302090002
13.01.05.2002,1302090004
13.01.05.2003,1302090001
13.01.05.2004,1302090003
13.01.05.2005,1302090005
13.01.05.2006,1302090006
13.01.05.2007,1302090020
13.01.05.2008,1302090019
13.01.05.2009,1302090018
13.01.05.2010,1302090017
13.01.05.2011,1302090016
13.01.05.2012,1302090014
13.01.05.2013,1302090013
13.01.05.2014,1302090015
13.01.05.2015,1302090011
13.01.05.2016,1302090010
13.01.05.2017,1302090009
13.01.05.2018,1302090012
13.01.05.2019,1302090007
13.01.05.2020,1302090008
13.01.06,1302100
13.01.06.2005,1302100003
13.01.06.2006,1302100002
13.01.06.2007,1302100001
13.01.06.2008,1302100004
13.01.06.2009,1302100005
13.01.06.2010,1302100006
13.01.06.2011,1302100007
13.01.06.2012,1302100008
13.01.06.2013,1302100009
13.01.06.2014,1302100010
13.01.06.2015,1302100011
13.01.06.2016,1302100013
13.01.06.2017,1302100014
13.01.06.2018,1302100012
13.01.06.2019,1302100016
13.01.06.2020,1302100017
13.01.06.2021,1302100015
13.01.07,1302110
13.01.07.2001,1302110008
13.01.07.2002,1302110007
13.01.07.2003,1302110005
13.01.07.2004,1302110004
13.01.07.2005,1302110003
13.01.07.2006,1302110002
13.01.07.2007,1302110001
13.01.07.2008,1302110006
13.01.07.2009,1302110012
13.01.07.2010,1302110011
13.01.07.2011,1302110010
13.01.07.2012,1302110009
13.01.07.2013,1302110021
13.01.07.2014,1302110022
13.01.07.2015,1302110019
13.01.07.2016,1302110014
13.01.07.2017,1302110013
13.01.07.2018,1302110015
13.01.07.2019,1302110016
13.01.07.2020,1302110018
13.01.07.2021,1302110020
13.01.07.2022,1302110023
13.01.07.2023,1302110017
13.01.08,1302070
13.01.08.2001,1302070003
13.01.08.2002,1302070002
13.01.08.2003,1302070001
13.01.08.2004,1302070004
13.01.08.2005,1302070012
13.01.08.2006,1302070011
13.01.08.2007,1302070005
13.01.08.2008,1302070006
13.01.08.2009,1302070007
13.01.08.2010,1302070008
13.01.08.2011,1302070009
13.01.08.2012,1302070010
13.01.09,1302040
13.01.09.2001,1302040002
13.01.09.2002,1302040001
13.01.09.2003,1302040007
13.01.09.2004,1302040003
13.01.09.2005,1302040004
13.01.09.2006,1302040005
13.01.09.2007,1302040006
13.01.09.2008,1302040015
13.01.09.2009,1302040014
13.01.09.2010,1302040010
13.01.09.2011,1302040009
13.01.09.2012,1302040013
13.01.09.2013,1302040012
13.01.09.2014,1302040008
13.01.09.2015,1302040011
13.01.09.2016,1302040016
13.01.10,1302012
13.01.10.2001,1302012001
13.01.10.2003,1302012003
13.01.10.2004,1302012002
13.01.10.2005,1302012004
13.01.10.2015,1302012005
13.01.10.2016,1302012008
13.01.10.2017,1302012007
13.01.10.2018,1302012006
13.01.10.2019,1302012009
13.01.10.2020,1302012010
13.01.11,1302020
13.01.11.2001,1302020001
13.01.11.2002,1302020005
13.01.11.2007,1302020003
13.01.11.2008,1302020006
13.01.11.2009,1302020011
13.01.11.2010,1302020015
13.01.11.2016,1302020017
13.01.11.2017,1302020016
13.01.11.2018,1302020009
13.01.11.2019,1302020010
13.01.12,1302101
13.01.12.2001,1302101001
13.01.12.2002,1302101002
13.01.12.2003,1302101003
13.01.12.2004,1302101004
13.01.12.2005,1302101005
13.01.12.2006,1302101006
13.01.13,1302031
13.01.13.2001,1302031002
13.01.13.2002,1302031009
13.01.13.2003,1302031008
13.01.13.2004,1302031010
13.01.13.2005,1302031005
13.01.13.2006,1302031007
13.01.13.2007,1302031004
13.01.13.2008,1302031006
13.01.13.2009,1302031001
13.01.13.2010,1302031003
13.01.14,1302021
13.01.14.2001,1302021004
13.01.14.2002,1302021010
13.01.14.2003,1302021009
13.01.14.2004,1302021008
13.01.14.2005,1302021003
13.01.14.2006,1302021007
13.01.14.2007,1302021002
13.01.14.2008,1302021006
13.01.14.2009,1302021001
13.01.14.2010,1302021005
13.01.15,1302011
13.01.15.2001,1302011001
13.01.15.2002,1302011010
13.01.15.2003,1302011008
13.01.15.2004,1302011009
13.01.15.2005,1302011006
13.01.15.2006,1302011007
13.01.15.2007,1302011005
13.01.15.2008,1302011004
13.01.15.2009,1302011003
13.01.15.2010,1302011002
13.02,1303
13.02.03,1303040
13.02.03.2001,1303040002
13.02.03.2002,1303040001
13.02.04,1303050
13.02.04.2001,1303050001
13.02.04.2002,1303050002
13.02.04.2003,1303050003
13.02.04.2004,1303050004
13.02.05,1303060
13.02.05.2001,1303060002
13.02.05.2002,1303060001
13.02.05.2003,1303060003
13.02.06,1303070
13.02.06.2001,1303070002
13.02.06.2002,1303070006
13.02.06.2003,1303070004
13.02.06.2004,1303070003
13.02.06.2005,1303070001
13.02.06.2006,1303070005
13.02.07,1303080
13.02.07.2001,1303080001
13.02.07.2002,1303080002
13.02.07.2003,1303080004
13.02.07.2004,1303080006
13.02.07.2005,1303080003
13.02.07.2006,1303080007
13.02.07.2007,1303080008
13.02.07.2008,1303080005
13.02.08,1303090
13.02.08.2001,1303090001
13.02.08.2002,1303090002
13.02.08.2003,1303090005
13.02.08.2004,1303090003
13.02.08.2005,1303090004
13.02.09,1303100
13.02.09.2001,1303100002
13.02.09.2002,1303100003
13.02.09.2003,1303100001
13.02.09.2004,1303100006
13.02.09.2005,1303100007
13.02.09.2006,1303100009
13.02.09.2007,1303100005
13.02.09.2008,1303100008
13.02.09.2009,1303100004
13.02.10,1303110
13.02.10.2001,1303110008
13.02.10.2002,1303110007
13.02.10.2003,1303110002
13.02.10.2004,1303110001
13.02.10.2005,1303110005
13.02.10.2006,1303110003
13.02.10.2007,1303110006
13.02.10.2008,1303110004
13.02.11,1303130
13.02.11.2001,1303130004
13.02.11.2002,1303130002
13.02.11.2003,1303130006
13.02.11.2004,1303130003
13.02.11.2005,1303130008
13.02.11.2006,1303130001
13.02.11.2007,1303130007
13.02.11.2008,1303130005
13.02.12,1303120
13.02.12.2001,1303120005
13.02.12.2002,1303120002
13.02.12.2003,1303120003
13.02.12.2004,1303120008
13.02.12.2005,1303120001
13.02.12.2006,1303120006
13.02.12.2007,1303120007
13.02.12.2008,1303120009
13.02.12.2009,1303120004
13.02.13,1303140
13.02.13.2001,1303140002
13.02.13.2002,1303140001
13.02.17,1303051
13.02.17.2001,1303051003
13.02.17.2002,1303051002
13.02.17.2003,1303051001
13.02.18,1303061
13.02.18.2001,1303061001
13.02.18.2002,1303061002
13.02.18.2003,1303061005
13.02.18.2004,1303061004
13.02.18.2005,1303061003
13.02.19,1303071
13.02.19.2001,1303071002
13.02.19.2002,1303071001
13.03,1304
13.03.03,1304060
13.03.03.2001,1304060007
13.03.03.2002,1304060005
13.03.03.2003,1304060006
13.03.03.2004,1304060003
13.03.03.2005,1304060001
13.03.03.2006,1304060002
13.03.03.2007,1304060004
13.03.03.2008,1304060009
13.03.03.2009,1304060008
13.03.04,1304070
13.03.04.2001,1304070001
13.03.04.2002,1304070002
13.03.04.2003,1304070008
13.03.04.2004,1304070003
13.03.04.2005,1304070006
13.03.04.2006,1304070007
13.03.04.2007,1304070009
13.03.04.2008,1304070005
13.03.04.2009,1304070004
13.03.05,1304080
13.03.05.2001,1304080004
13.03.05.2002,1304080002
13.03.05.2003,1304080003
13.03.05.2004,1304080001
13.03.05.2005,1304080005
13.03.06,1304050
13.03.06.2001,1304050001
13.03.06.2002,1304050004
13.03.06.2003,1304050002
13.03.06.2004,1304050005
13.03.06.2005,1304050006
13.03.06.2006,1304050003
13.03.06.2007,1304050010
13.03.06.2008,1304050011
13.03.06.2009,1304050007
13.03.06.2010,1304050008
13.03.06.2011,1304050009
13.03.07,1304071
13.03.07.2001,1304071002
13.03.07.2002,1304071003
13.03.07.2003,1304071001
13.03.07.2004,1304071005
13.03.07.2005,1304071004
13.03.07.2006,1304071006
13.03.08,1304100
13.03.08.2001,1304100001
13.03.08.2002,1304100004
13.03.08.2003,1304100005
13.03.08.2004,1304100002
13.03.08.2005,1304100003
13.03.08.2006,1304100006
13.03.08.2007,1304100007
13.03.09,1304110
13.03.09.2001,1304110007
13.03.09.2002,1304110003
13.03.09.2003,1304110008
13.03.09.2004,1304110002
13.03.09.2005,1304110005
13.03.09.2006,1304110004
13.03.09.2007,1304110001
13.03.09.2008,1304110006
13.03.09.2009,1304110011
13.03.09.2010,1304110010
13.03.09.2011,1304110009
13.03.10,1304090
13.03.10.2001,1304090001
13.03.10.2002,1304090003
13.03.10.2003,1304090002
13.03.10.2004,1304090004
13.04,1305
13.04.01,1305010
13.04.01.2001,1305010001
13.04.01.2002,1305010002
13.04.01.2003,1305010008
13.04.01.2004,1305010003
13.04.01.2005,1305010004
13.04.01.2006,1305010009
13.04.01.2007,1305010005
13.04.01.2008,1305010007
13.04.01.2009,1305010006
13.04.02,1305020
13.04.02.2001,1305020008
13.04.02.2002,1305020007
13.04.02.2003,1305020006
13.04.02.2004,1305020005
13.04.02.2005,1305020004
13.04.02.2006,1305020003
13.04.02.2007,1305020001
13.04.02.2008,1305020002
13.04.03,1305040
13.04.03.2001,1305040001
13.04.03.2002,1305040002
13.04.03.2003,1305040003
13.04.03.2004,1305040004
13.04.03.2005,1305040005
13.04.04,1305050
13.04.04.2001,1305050005
13.04.04.2002,1305050004
13.04.04.2003,1305050002
13.04.04.2004,1305050001
13.04.04.2005,1305050003
13.04.05,1305060
13.04.05.2001,1305060004
13.04.05.2002,1305060002
13.04.05.2003,1305060003
13.04.05.2004,1305060001
13.04.06,1305080
13.04.06.2001,1305080001
13.04.06.2002,1305080004
13.04.06.2003,1305080002
13.04.06.2004,1305080003
13.04.07,1305090
13.04.07.2001,1305090005
13.04.07.2002,1305090002
13.04.07.2003,1305090004
13.04.07.2004,1305090003
13.04.07.2005,1305090001
13.04.08,1305100
13.04.08.2001,1305100003
13.04.08.2002,1305100004
13.04.08.2003,1305100002
13.04.08.2004,1305100001
13.04.08.2005,1305100005
13.04.08.2006,1305100007
13.04.08.2007,1305100006
13.04.08.2008,1305100009
13.04.08.2009,1305100008
13.04.08.2010,1305100010
13.04.09,1305030
13.04.09.2001,1305030001
13.04.09.2002,1305030002
13.04.09.2003,1305030003
13.04.09.2004,1305030004
13.04.09.2005,1305030005
13.04.09.2006,1305030006
13.04.10,1305110
13.04.10.2001,1305110006
13.04.10.2002,1305110005
13.04.10.2003,1305110002
13.04.10.2004,1305110004
13.04.10.2005,1305110003
13.04.10.2006,1305110001
13.04.11,1305070
13.04.11.2001,1305070002
13.04.11.2002,1305070001
13.04.12,1305111
13.04.12.2001,1305111001
13.04.12.2002,1305111002
13.04.13,1305081
13.04.13.2001,1305081004
13.04.13.2002,1305081003
13.04.13.2003,1305081005
13.04.13.2004,1305081002
13.04.13.2005,1305081001
13.04.14,1305021
13.04.14.2001,1305021004
13.04.14.2002,1305021003
13.04.14.2003,1305021002
13.04.14.2004,1305021001
13.05,1306
13.05.01,1306020
13.05.01.2001,1306020001
13.05.01.2002,1306020005
13.05.01.2003,1306020004
13.05.01.2004,1306020002
13.05.01.2005,1306020003
13.05.01.2006,1306020007
13.05.01.2007,1306020008
13.05.01.2008,1306020009
13.05.01.2009,1306020006
13.05.02,1306010
13.05.02.2001,1306010001
13.05.02.2002,1306010002
13.05.02.2003,1306010003
13.05.02.2004,1306010004
13.05.02.2005,1306010007
13.05.02.2006,1306010006
13.05.02.2007,1306010008
13.05.02.2008,1306010005
13.05.03,1306040
13.05.03.2001,1306040004
13.05.03.2002,1306040003
13.05.03.2003,1306040002
13.05.03.2004,1306040005
13.05.03.2005,1306040001
13.05.03.2006,1306040008
13.05.03.2007,1306040007
13.05.03.2008,1306040006
13.05.03.2009,1306040009
13.05.04,1306050
13.05.04.2002,1306050002
13.05.04.2003,1306050001
13.05.04.2004,1306050003
13.05.05,1306060
13.05.05.2001,1306060001
13.05.05.2002,1306060004
13.05.05.2003,1306060003
13.05.05.2004,1306060002
13.05.05.2005,1306060007
13.05.05.2006,1306060008
13.05.05.2007,1306060010
13.05.05.2008,1306060012
13.05.05.2009,1306060011
13.05.05.2010,1306060009
13.05.05.2011,1306060006
13.05.05.2012,1306060005
13.05.06,1306070
13.05.06.2001,1306070001
13.05.06.2002,1306070002
13.05.06.2003,1306070004
13.05.06.2004,1306070003
13.05.06.2005,1306070007
13.05.06.2006,1306070008
13.05.06.2007,1306070005
13.05.06.2008,1306070006
13.05.07,1306090
13.05.07.2001,1306090001
13.05.07.2002,1306090002
13.05.07.2003,1306090003
13.05.07.2004,1306090004
13.05.08,1306080
13.05.08.2001,1306080002
13.05.08.2002,1306080001
13.05.08.2003,1306080004
13.05.08.2004,1306080003
13.05.09,1306100
13.05.09.2001,1306100001
13.05.09.2002,1306100004
13.05.09.2003,1306100003
13.05.09.2004,1306100002
13.05.09.2005,1306100005
13.05.10,1306030
13.05.10.2001,1306030001
13.05.10.2002,1306030002
13.05.10.2003,1306030008
13.05.10.2004,1306030004
13.05.10.2005,1306030003
13.05.10.2006,1306030005
13.05.10.2007,1306030006
13.05.10.2008,1306030007
13.05.11,1306021
13.05.11.2001,1306021002
13.05.11.2002,1306021001
13.05.11.2003,1306021004
13.05.11.2004,1306021003
13.05.11.2005,1306021005
13.05.12,1306062
13.05.12.2001,1306062003
13.05.12.2002,1306062001
13.05.12.2003,1306062002
13.05.12.2004,1306062004
13.05.12.2005,1306062005
13.05.12.2006,1306062006
13.05.13,1306081
13.05.13.2001,1306081002
13.05.13.2002,1306081001
13.05.13.2003,1306081003
13.05.14,1306071
13.05.14.2001,1306071002
13.05.14.2002,1306071001
13.05.14.2003,1306071003
13.05.14.2004,1306071004
13.05.15,1306052
13.05.15.2001,1306052002
13.05.15.2002,1306052003
13.05.15.2003,1306052004
13.05.15.2004,1306052001
13.05.16,1306061
13.05.16.2001,1306061001
13.05.16.2002,1306061002
13.05.16.2003,1306061003
13.05.16.2004,1306061005
13.05.16.2005,1306061006
13.05.16.2006,1306061004
13.05.17,1306051
13.05.17.2001,1306051004
13.05.17.2002,1306051001
13.05.17.2003,1306051003
13.05.17.2004,1306051005
13.05.17.2005,1306051002
13.06,1307
13.06.01,1307010
13.06.01.2001,1307010001
13.06.01.2002,1307010002
13.06.01.2003,1307010003
13.06.01.2004,1307010004
13.06.02,1307020
13.06.02.2001,1307020005
13.06.02.2002,1307020002
13.06.02.2003,1307020004
13.06.02.2004,1307020003
13.06.02.2005,1307020001
13.06.03,1307030
13.06.03.2001,1307030001
13.06.03.2002,1307030002
13.06.03.2003,1307030003
13.06.03.2004,1307030004
13.06.03.2006,1307030007
13.06.03.2007,1307030005
13.06.03.2008,1307030008
13.06.03.2009,1307030009
13.06.03.2010,1307030006
13.06.03.2011,1307030010
13.06.04,1307040
13.06.04.2001,1307040004
13.06.04.2002,1307040001
13.06.04.2003,1307040005
13.06.04.2004,1307040006
13.06.04.2005,1307040002
13.06.04.2006,1307040003
13.06.05,1307050
13.06.05.2002,1307050003
13.06.05.2003,1307050002
13.06.05.2004,1307050001
13.06.05.2005,1307050007
13.06.05.2006,1307050004
13.06.05.2007,1307050005
13.06.05.2008,1307050006
13.06.06,1307061
13.06.06.2001,1307061003
13.06.06.2002,1307061006
13.06.06.2003,1307061001
13.06.06.2004,1307061007
13.06.06.2005,1307061005
13.06.06.2006,1307061004
13.06.06.2007,1307061002
13.06.07,1307070
13.06.07.2001,1307070001
13.06.07.2002,1307070005
13.06.07.2003,1307070006
13.06.07.2004,1307070007
13.06.07.2005,1307070004
13.06.07.2006,1307070002
13.06.07.2008,1307070003
13.06.08,1307080
13.06.08.2001,1307080001
13.06.08.2002,1307080004
13.06.08.2004,1307080003
13.06.08.2005,1307080002
13.06.08.2006,1307080005
13.06.08.2007,1307080006
13.06.08.2008,1307080008
13.06.08.2009,1307080007
13.06.09,1307090
13.06.09.2001,1307090003
13.06.09.2003,1307090001
13.06.09.2004,1307090002
13.06.10,1307110
13.06.10.2001,1307110001
13.06.10.2002,1307110002
13.06.10.2003,1307110003
13.06.10.2004,1307110004
13.06.10.2005,1307110005
13.06.11,1307100
13.06.11.2001,1307100001
13.06.11.2002,1307100003
13.06.11.2003,1307100002
13.06.11.2004,1307100004
13.06.11.2005,1307100005
13.06.11.2006,1307100006
13.06.11.2007,1307100007
13.06.11.2008,1307100009
13.06.11.2009,1307100008
13.06.12,1307062
13.06.12.2001,1307062002
13.06.12.2002,1307062005
13.06.12.2003,1307062003
13.06.12.2004,1307062001
13.06.12.2005,1307062004
13.06.13,1307021
13.06.13.2001,1307021003
13.06.13.2002,1307021004
13.06.13.2003,1307021001
13.06.13.2004,1307021002
13.06.14,1307071
13.06.14.2001,1307071003
13.06.14.2002,1307071002
13.06.14.2003,1307071001
13.06.15,1307091
13.06.15.2001,1307091001
13.06.15.2002,1307091002
13.06.15.2003,1307091003
13.06.15.2004,1307091004
13.06.15.2005,1307091005
13.06.16,1307051
13.06.16.2001,1307051004
13.06.16.2002,1307051003
13.06.16.2003,1307051001
13.06.16.2004,1307051002
13.07,1308
13.07.01,1308050
13.07.01.2001,1308050001
13.07.01.2002,1308050004
13.07.01.2003,1308050005
13.07.01.2004,1308050002
13.07.01.2005,1308050003
13.07.01.2006,1308050006
13.07.02,1308040
13.07.02.2001,1308040004
13.07.02.2002,1308040005
13.07.02.2003,1308040003
13.07.02.2004,1308040001
13.07.02.2005,1308040002
13.07.03,1308010
13.07.03.2001,1308010002
13.07.03.2002,1308010007
13.07.03.2003,1308010003
13.07.03.2004,1308010001
13.07.03.2005,1308010006
13.07.03.2006,1308010005
13.07.03.2007,1308010004
13.07.04,1308020
13.07.04.2001,1308020004
13.07.04.2002,1308020001
13.07.04.2003,1308020003
13.07.04.2004,1308020002
13.07.05,1308030
13.07.05.2001,1308030001
13.07.05.2002,1308030010
13.07.05.2003,1308030009
13.07.05.2004,1308030002
13.07.05.2005,1308030011
13.07.05.2006,1308030004
13.07.05.2007,1308030008
13.07.05.2008,1308030007
13.07.05.2009,1308030006
13.07.05.2010,1308030005
13.07.05.2011,1308030003
13.07.06,1308080
13.07.06.2001,1308080002
13.07.06.2002,1308080005
13.07.06.2003,1308080004
13.07.06.2004,1308080003
13.07.06.2005,1308080001
13.07.06.2006,1308080006
13.07.07,1308070
13.07.07.2001,1308070003
13.07.07.2002,1308070004
13.07.07.2003,1308070002
13.07.07.2004,1308070001
13.07.07.2005,1308070005
13.07.07.2006,1308070006
13.07.07.2007,1308070007
13.07.08,1308060
13.07.08.2001,1308060001
13.07.08.2002,1308060003
13.07.08.2003,1308060002
13.07.09,1308021
13.07.09.2001,1308021006
13.07.09.2002,1308021005
13.07.09.2003,1308021002
13.07.09.2004,1308021008
13.07.09.2005,1308021007
13.07.09.2006,1308021001
13.07.09.2007,1308021003
13.07.09.2008,1308021004
13.07.10,1308022
13.07.10.2001,1308022003
13.07.10.2002,1308022005
13.07.10.2003,1308022004
13.07.10.2004,1308022002
13.07.10.2005,1308022001
13.07.11,1308041
13.07.11.2001,1308041001
13.07.11.2002,1308041004
13.07.11.2003,1308041002
13.07.11.2004,1308041003
13.07.11.2005,1308041005
13.07.12,1308051
13.07.12.2001,1308051003
13.07.12.2002,1308051002
13.07.12.2003,1308051005
13.07.12.2004,1308051004
13.07.12.2005,1308051001
13.07.13,1308011
13.07.13.2001,1308011003
13.07.13.2002,1308011001
13.07.13.2003,1308011002
13.07.13.2004,1308011005
13.07.13.2005,1308011004
13.07.13.2006,1308011006
13.07.13.2007,1308011007
13.08,1309
13.08.04,1309070
13.08.04.2001,1309070002
13.08.04.2002,1309070001
13.08.04.2003,1309070004
13.08.04.2004,1309070003
13.08.04.2007,1309070005
13.08.05,1309080
13.08.05.2001,1309080001
13.08.05.2002,1309080002
13.08.05.2003,1309080003
13.08.05.2004,1309080004
13.08.05.2005,1309080005
13.08.05.2006,1309080006
13.08.05.2007,1309080008
13.08.05.2008,1309080007
13.08.05.2009,1309080011
13.08.05.2010,1309080010
13.08.05.2011,1309080009
13.08.05.2012,1309080013
13.08.05.2013,1309080012
13.08.07,1309110
13.08.07.2001,1309110001
13.08.07.2003,1309110003
13.08.07.2004,1309110002
13.08.07.2005,1309110004
13.08.08,1309122
13.08.08.2001,1309122003
13.08.08.2002,1309122001
13.08.08.2005,1309122002
13.08.08.2006,1309122004
13.08.12,1309100
13.08.12.2001,1309100002
13.08.12.2002,1309100001
13.08.12.2003,1309100006
13.08.12.2004,1309100007
13.08.12.2005,1309100005
13.08.12.2006,1309100004
13.08.12.2007,1309100003
13.08.13,1309071
13.08.13.2001,1309071003
13.08.13.2002,1309071002
13.08.13.2003,1309071001
13.08.13.2004,1309071005
13.08.13.2005,1309071004
13.08.14,1309121
13.08.14.2002,1309121001
13.08.14.2005,1309121002
13.08.14.2008,1309121003
13.08.14.2009,1309121004
13.08.14.2010,1309121005
13.08.15,1309123
13.08.15.2001,1309123002
13.08.15.2002,1309123001
13.08.16,1309072
13.08.16.2001,1309072001
13.08.16.2002,1309072002
13.08.16.2003,1309072003
13.08.16.2004,1309072004
13.08.17,1309111
13.08.17.2001,1309111001
13.08.17.2002,1309111004
13.08.17.2003,1309111003
13.08.17.2004,1309111002
13.08.18,1309125
13.08.18.2001,1309125001
13.08.18.2002,1309125002
13.08.18.2003,1309125003
13.08.19,1309124
13.08.19.2001,1309124001
13.08.19.2002,1309124003
13.08.19.2003,1309124002
13.08.19.2004,1309124004
13.08.19.2005,1309124006
13.08.19.2006,1309124005
13.09,1301
13.09.01,1301013
13.09.01.2007,1301013003
13.09.01.2008,1301013002
13.09.01.2009,1301013001
13.09.02,1301021
13.09.02.2001,1301021001
13.09.02.2002,1301021003
13.09.02.2003,1301021002
13.09.02.2004,1301021004
13.09.02.2006,1301021005
13.09.02.2007,1301021007
13.09.02.2008,1301021006
13.09.03,1301030
13.09.03.2002,1301030004
13.09.03.2003,1301030005
13.09.03.2004,1301030006
13.09.03.2005,1301030008
13.09.03.2007,1301030002
13.09.04,1301040
13.09.04.2003,1301040007
13.09.04.2004,1301040006
13.09.04.2005,1301040005
13.09.04.2006,1301040004
13.09.04.2007,1301040003
13.09.04.2008,1301040009
13.09.05,1301041
13.09.05.2001,1301041001
13.09.05.2002,1301041002
13.09.05.2003,1301041003
13.09.06,1301031
13.09.06.2001,1301031002
13.09.06.2002,1301031003
13.09.06.2003,1301031001
13.09.07,1301032
13.09.07.2001,1301032002
13.09.07.2002,1301032003
13.09.07.2003,1301032001
13.09.08,1301022
13.09.08.2001,1301022001
13.09.08.2002,1301022002
13.09.08.2003,1301022006
13.09.08.2004,1301022005
13.09.08.2005,1301022003
13.09.08.2006,1301022004
13.09.09,1301012
13.09.09.2001,1301012002
13.09.09.2002,1301012001
13.09.09.2003,1301012003
13.09.10,1301011
13.09.10.2001,1301011002
13.09.10.2002,1301011001
13.09.10.2003,1301011004
13.09.10.2004,1301011003
13.10,1311
13.10.01,1311020
13.10.01.2002,1311020003
13.10.01.2003,1311020005
13.10.01.2005,1311020001
13.10.01.2008,1311020008
13.10.02,1311040
13.10.02.2001,1311040004
13.10.02.2002,1311040005
13.10.02.2006,1311040003
13.10.02.2007,1311040006
13.10.02.2008,1311040007
13.10.02.2009,1311040008
13.10.03,1311010
13.10.03.2003,1311010005
13.10.03.2004,1311010006
13.10.03.2007,1311010007
13.10.03.2008,1311010008
13.10.04,1311030
13.10.04.2001,1311030001
13.10.04.2002,1311030002
13.10.04.2004,1311030004
13.10.04.2005,1311030005
13.10.05,1311041
13.10.05.2001,1311041003
13.10.05.2002,1311041002
13.10.05.2003,1311041004
13.10.05.2004,1311041001
13.10.06,1311031
13.10.06.2001,1311031003
13.10.06.2002,1311031004
13.10.06.2003,1311031002
13.10.06.2004,1311031001
13.10.06.2005,1311031005
13.10.07,1311021
13.10.07.2001,1311021004
13.10.07.2002,1311021005
13.10.07.2003,1311021001
13.10.07.2004,1311021002
13.10.07.2005,1311021003
13.10.08,1311022
13.10.08.2001,1311022004
13.10.08.2002,1311022003
13.10.08.2003,1311022001
13.10.08.2004,1311022002
13.10.09,1311023
13.10.09.2001,1311023003
13.10.09.2002,1311023001
13.10.09.2003,1311023002
13.10.09.2004,1311023004
13.10.10,1311012
13.10.10.2001,1311012003
13.10.10.2002,1311012002
13.10.10.2003,1311012001
13.10.10.2004,1311012005
13.10.10.2005,1311012004
13.10.11,1311011
13.10.11.2001,1311011005
13.10.11.2002,1311011002
13.10.11.2003,1311011001
13.10.11.2004,1311011003
13.10.11.2005,1311011004
13.10.11.2006,1311011006
13.10.11.2007,1311011007
13.11,1310
13.11.01,1310010
13.11.01.2001,1310010001
13.11.01.2002,1310010002
13.11.01.2003,1310010003
13.11.01.2004,1310010004
13.11.02,1310040
13.11.02.2001,1310040005
13.11.02.2002,1310040001
13.11.02.2004,1310040004
13.11.02.2005,1310040002
13.11.02.2006,1310040003
13.11.02.2007,1310040006
13.11.02.2008,1310040008
13.11.02.2009,1310040007
13.11.02.2010,1310040010
13.11.02.2011,1310040011
13.11.02.2012,1310040009
13.11.03,1310050
13.11.03.2001,1310050001
13.11.03.2002,1310050002
13.11.03.2003,1310050003
13.11.03.2004,1310050004
13.11.04,1310020
13.11.04.2001,1310020001
13.11.04.2002,1310020003
13.11.04.2004,1310020002
13.11.04.2005,1310020004
13.11.04.2006,1310020005
13.11.05,1310030
13.11.05.2001,1310030001
13.11.05.2002,1310030003
13.11.05.2003,1310030005
13.11.05.2004,1310030002
13.11.05.2005,1310030004
13.11.05.2006,1310030006
13.11.05.2007,1310030007
13.11.06,1310041
13.11.06.2001,1310041001
13.11.06.2002,1310041002
13.11.06.2003,1310041003
13.11.06.2004,1310041004
13.11.07,1310021
13.11.07.2001,1310021001
13.11.07.2002,1310021003
13.11.07.2003,1310021004
13.11.07.2004,1310021002
13.12,1312
13.12.01,1312010
13.12.01.2001,1312010001
13.12.02,1312050
13.12.02.2001,1312050001
13.12.02.2002,1312050002
13.12.02.2003,1312050003
13.12.02.2004,1312050004
13.12.02.2005,1312050005
13.12.02.2006,1312050006
13.12.02.2007,1312050007
13.12.02.2008,1312050008
13.12.02.2009,1312050009
13.12.03,1312080
13.12.03.2003,1312080001
13.12.03.2004,1312080002
13.12.03.2006,1312080003
13.12.03.2007,1312080004
13.12.03.2008,1312080005
13.12.03.2009,1312080006
13.12.03.2010,1312080007
13.12.03.2011,1312080008
13.12.03.2012,1312080009
13.12.03.2013,1312080010
13.12.03.2014,1312080012
13.12.03.2015,1312080015
13.12.03.2016,1312080016
13.12.03.2017,1312080011
13.12.03.2018,1312080013
13.12.03.2019,1312080014
13.12.04,1312070
13.12.04.2001,1312070001
13.12.04.2002,1312070002
13.12.04.2003,1312070003
13.12.04.2004,1312070004
13.12.04.2005,1312070005
13.12.04.2006,1312070006
13.12.04.2007,1312070007
13.12.05,1312110
13.12.05.2001,1312110002
13.12.05.2002,1312110001
13.12.05.2003,1312110003
13.12.05.2004,1312110004
13.12.05.2005,1312110005
13.12.05.2006,1312110006
13.12.05.2007,1312110007
13.12.05.2008,1312110008
13.12.05.2009,1312110009
13.12.05.2010,1312110011
13.12.05.2011,1312110012
13.12.05.2012,1312110017
13.12.05.2013,1312110010
13.12.05.2014,1312110013
13.12.05.2015,1312110014
13.12.05.2016,1312110015
13.12.05.2017,1312110016
13.12.06,1312060
13.12.06.2001,1312060001
13.12.06.2002,1312060002
13.12.06.2003,1312060005
13.12.06.2004,1312060006
13.12.06.2005,1312060007
13.12.06.2006,1312060003
13.12.06.2007,1312060004
13.12.07,1312020
13.12.07.2001,1312020002
13.12.07.2002,1312020001
13.12.07.2003,1312020004
13.12.07.2004,1312020005
13.12.07.2005,1312020006
13.12.07.2006,1312020007
13.12.07.2007,1312020003
13.12.08,1312030
13.12.08.2001,1312030001
13.12.08.2002,1312030002
13.12.08.2003,1312030003
13.12.08.2004,1312030004
13.12.08.2005,1312030005
13.12.08.2006,1312030006
13.12.09,1312040
13.12.09.2001,1312040001
13.12.09.2002,1312040002
13.12.09.2003,1312040003
13.12.09.2004,1312040004
13.12.09.2005,1312040005
13.12.09.2006,1312040006
13.12.09.2007,1312040007
13.12.10,1312090
13.12.10.2001,1312090001
13.12.10.2002,1312090002
13.12.10.2003,1312090003
13.12.10.2004,1312090004
13.12.10.2005,1312090005
13.12.10.2006,1312090006
13.12.10.2007,1312090007
13.12.10.2008,1312090008
13.12.10.2009,1312090009
13.12.11,1312100
13.12.11.2001,1312100001
13.12.11.2002,1312100002
13.12.11.2003,1312100003
13.12.11.2004,1312100004
13.71,1371
13.71.01,1371040
13.71.01.1001,1371040021
13.71.01.1002,1371040024
13.71.01.1003,1371040029
13.71.01.1004,1371040016
13.71.01.1005,1371040010
13.71.01.1006,1371040011
13.71.01.1007,1371040028
13.71.01.1008,1371040027
13.71.01.1009,1371040026
13.71.01.1010,1371040025
13.71.01.1011,1371040003
13.71.01.1012,1371040008
13.71.02,1371050
13.71.02.1001,1371050020
13.71.02.1002,1371050035
13.71.02.1003,1371050036
13.71.02.1004,1371050034
13.71.02.1005,1371050033
13.71.02.1006,1371050030
13.71.02.1007,1371050032
13.71.02.1008,1371050031
13.71.02.1009,1371050029
13.71.02.1010,1371050028
13.71.03,1371060
13.71.03.1001,1371060037
13.71.03.1002,1371060036
13.71.03.1003,1371060023
13.71.03.1004,1371060034
13.71.03.1005,1371060035
13.71.03.1006,1371060013
13.71.03.1007,1371060033
13.71.03.1008,1371060010
13.71.03.1009,1371060032
13.71.03.1010,1371060031
13.71.04,1371070
13.71.04.1001,1371070017
13.71.04.1002,1371070018
13.71.04.1003,1371070012
13.71.04.1004,1371070010
13.71.04.1005,1371070020
13.71.04.1006,1371070019
13.71.04.1007,1371070005
13.71.05,1371010
13.71.05.1001,1371010016
13.71.05.1002,1371010017
13.71.05.1003,1371010007
13.71.05.1004,1371010015
13.71.05.1005,1371010014
13.71.05.1006,1371010001
13.71.06,1371030
13.71.06.1001,1371030020
13.71.06.1002,1371030007
13.71.06.1003,1371030027
13.71.06.1004,1371030026
13.71.06.1005,1371030016
13.71.06.1006,1371030013
13.71.06.1007,1371030012
13.71.06.1008,1371030011
13.71.06.1009,1371030014
13.71.06.1010,1371030025
13.71.06.1011,1371030029
13.71.06.1012,1371030023
13.71.06.1013,1371030010
13.71.06.1014,1371030022
13.71.06.1015,1371030028
13.71.07,1371020
13.71.07.1001,1371020004
13.71.07.1002,1371020005
13.71.07.1003,1371020003
13.71.07.1004,1371020007
13.71.07.1005,1371020006
13.71.07.1006,1371020002
13.71.07.1007,1371020001
13.71.08,1371100
13.71.08.1001,1371100015
13.71.08.1002,1371100008
13.71.08.1003,1371100014
13.71.08.1004,1371100003
13.71.08.1005,1371100004
13.71.08.1006,1371100001
13.71.08.1007,1371100002
13.71.08.1008,1371100005
13.71.08.1009,1371100013
13.71.09,1371090
13.71.09.1001,1371090002
13.71.09.1002,1371090001
13.71.09.1003,1371090003
13.71.09.1004,1371090004
13.71.09.1005,1371090005
13.71.09.1006,1371090006
13.71.09.1007,1371090007
13.71.09.1008,1371090008
13.71.09.1009,1371090009
13.71.10,1371080
13.71.10.1001,1371080006
13.71.10.1002,1371080003
13.71.10.1003,1371080007
13.71.10.1004,1371080002
13.71.10.1005,1371080001
13.71.10.1006,1371080005
13.71.11,1371110
13.71.11.1001,1371110028
13.71.11.1002,1371110004
13.71.11.1003,1371110002
13.71.11.1004,1371110001
13.71.11.1005,1371110025
13.71.11.1006,1371110027
13.71.11.1007,1371110029
13.71.11.1008,1371110023
13.71.11.1009,1371110021
13.71.11.1010,1371110012
13.71.11.1011,1371110007
13.71.11.1012,1371110008
13.71.11.1013,1371110026
13.72,1372
13.72.01,1372010
13.72.01.1001,1372010001
13.72.01.1002,1372010002
13.72.01.1003,1372010003
13.72.01.1004,1372010004
13.72.01.1005,1372010005
13.72.01.1006,1372010006
13.72.01.1007,1372010007
13.72.02,1372020
13.72.02.1001,1372020001
13.72.02.1002,1372020002
13.72.02.1003,1372020003
13.72.02.1004,1372020004
13.72.02.1005,1372020005
13.72.02.1006,1372020006
13.73,1373
13.73.01,1373020
13.73.01.1001,1373020009
13.73.01.1002,1373020007
13.73.01.1003,1373020008
13.73.01.1004,1373020006
13.73.01.1005,1373020010
13.73.01.1006,1373020011
13.73.01.2007,1373020002
13.73.01.2008,1373020001
13.73.01.2009,1373020004
13.73.01.2010,1373020005
13.73.01.2011,1373020003
13.73.02,1373030
13.73.02.1001,1373030003
13.73.02.1002,1373030004
13.73.02.1003,1373030005
13.73.02.1004,1373030006
13.73.02.2005,1373030008
13.73.02.2006,1373030009
13.73.02.2007,1373030010
13.73.02.2008,1373030007
13.73.02.2009,1373030001
13.73.02.2010,1373030002
13.73.03,1373010
13.73.03.2001,1373010005
13.73.03.2002,1373010001
13.73.03.2003,1373010004
13.73.03.2004,1373010003
13.73.03.2005,1373010002
13.73.04,1373040
13.73.04.2001,1373040005
13.73.04.2002,1373040006
13.73.04.2003,1373040007
13.73.04.2004,1373040008
13.73.04.2005,1373040009
13.73.04.2006,1373040011
13.73.04.2007,1373040010
13.73.04.2008,1373040004
13.73.04.2009,1373040003
13.73.04.2010,1373040001
13.73.04.2011,1373040002
13.74,1374
13.74.01,1374020
13.74.01.1001,1374020006
13.74.01.1002,1374020005
13.74.01.1003,1374020004
13.74.01.1004,1374020003
13.74.01.1005,1374020007
13.74.01.1006,1374020001
13.74.01.1007,1374020002
13.74.01.1008,1374020008
13.74.02,1374010
13.74.02.1001,1374010007
13.74.02.1002,1374010003
13.74.02.1003,1374010004
13.74.02.1004,1374010001
13.74.02.1005,1374010002
13.74.02.1006,1374010006
13.74.02.1007,1374010005
13.74.02.1008,1374010008
13.75,1375
13.75.01,1375010
13.75.01.1001,1375010002
13.75.01.1002,1375010001
13.75.01.1003,1375010003
13.75.01.1004,1375010004
13.75.01.1005,1375010005
13.75.01.1006,1375010006
13.75.01.1007,1375010007
13.75.02,1375020
13.75.02.1001,1375020009
13.75.02.1002,1375020005
13.75.02.1003,1375020006
13.75.02.1004,1375020008
13.75.02.1005,1375020007
13.75.02.1006,1375020001
13.75.02.1007,1375020002
13.75.02.1008,1375020003
13.75.02.1009,1375020004
13.75.03,1375030
13.75.03.1001,1375030004
13.75.03.1002,1375030003
13.75.03.1003,1375030001
13.75.03.1004,1375030002
13.75.03.1005,1375030006
13.75.03.1006,1375030005
13.75.03.1007,1375030008
13.75.03.1008,1375030007
13.76,1376
13.76.01,1376010
13.76.01.1002,1376010010
13.76.01.1003,1376010011
13.76.01.1004,1376010012
13.76.01.1005,1376010025
13.76.01.1007,1376010031
13.76.01.1009,1376010033
13.76.01.1011,1376010030
13.76.01.1013,1376010029
13.76.01.1016,1376010019
13.76.01.1017,1376010018
13.76.01.1018,1376010032
13.76.01.1020,1376010015
13.76.01.1021,1376010014
13.76.01.1022,1376010013
13.76.01.1032,1376010035
13.76.01.1033,1376010034
13.76.01.1034,1376010036
13.76.02,1376030
13.76.02.1002,1376030005
13.76.02.1032,1376030029
13.76.02.1033,1376030030
13.76.02.1034,1376030031
13.76.02.1035,1376030032
13.76.02.1036,1376030036
13.76.02.1037,1376030035
13.76.02.1038,1376030033
13.76.02.1039,1376030034
13.76.03,1376020
13.76.03.1001,1376020006
13.76.03.1002,1376020015
13.76.03.1003,1376020005
13.76.03.1005,1376020017
13.76.03.1007,1376020016
13.76.03.1009,1376020012
13.76.03.1010,1376020013
13.76.03.1011,1376020014
13.76.03.1015,1376020018
13.76.04,1376031
13.76.04.1001,1376031006
13.76.04.1002,1376031005
13.76.04.1003,1376031003
13.76.04.1004,1376031004
13.76.04.1005,1376031001
13.76.04.1006,1376031002
13.76.05,1376011
13.76.05.1001,1376011004
13.76.05.1002,1376011010
13.76.05.1003,1376011002
13.76.05.1005,1376011001
13.76.05.1006,1376011011
13.76.05.1010,1376011012
13.77,1377
13.77.01,1377020
13.77.01.1001,1377020001
13.77.01.1002,1377020011
13.77.01.1003,1377020009
13.77.01.1004,1377020010
13.77.01.1005,1377020017
13.77.01.1006,1377020012
13.77.01.1007,1377020016
13.77.01.1008,1377020015
13.77.01.1009,1377020006
13.77.01.1010,1377020013
13.77.01.1011,1377020014
13.77.01.1012,1377020002
13.77.01.1013,1377020007
13.77.01.1014,1377020004
13.77.01.1015,1377020003
13.77.01.1016,1377020021
13.77.01.2017,1377020018
13.77.01.2018,1377020019
13.77.01.2019,1377020020
13.77.01.2020,1377020008
13.77.01.2021,1377020005
13.77.01.2025,1377020022
13.77.02,1377030
13.77.02.2005,1377030001
13.77.02.2006,1377030007
13.77.02.2007,1377030006
13.77.02.2008,1377030010
13.77.02.2009,1377030012
13.77.02.2010,1377030011
13.77.02.2011,1377030008
13.77.02.2012,1377030015
13.77.02.2013,1377030013
13.77.02.2014,1377030016
13.77.02.2015,1377030017
13.77.02.2016,1377030018
13.77.02.2017,1377030019
13.77.02.2018,1377030020
13.77.02.2019,1377030021
13.77.02.2020,1377030014
13.77.02.2021,1377030009
13.77.03,1377010
13.77.03.2006,1377010001
13.77.03.2007,1377010011
13.77.03.2008,1377010012
13.77.03.2009,1377010013
13.77.03.2010,1377010014
13.77.03.2011,1377010008
13.77.03.2012,1377010010
13.77.03.2013,1377010004
13.77.03.2014,1377010009
13.77.03.2015,1377010005
13.77.03.2016,1377010003
13.77.03.2017,1377010002
13.77.03.2018,1377010007
13.77.03.2019,1377010006
13.77.03.2020,1377010019
13.77.03.2021,1377010018
13.77.04,1377021
13.77.04.2001,1377021002
13.77.04.2002,1377021015
13.77.04.2003,1377021016
13.77.04.2004,1377021001
13.77.04.2005,1377021014
13.77.04.2006,1377021004
13.77.04.2007,1377021003
13.77.04.2008,1377021012
13.77.04.2009,1377021013
13.77.04.2010,1377021005
13.77.04.2011,1377021011
13.77.04.2012,1377021006
13.77.04.2013,1377021010
13.77.04.2014,1377021007
13.77.04.2015,1377021008
13.77.04.2016,1377021009
